id,name,card_type,fixed_stats,option_stats,image_url,image_local_url,source_url
1602witchhunterangela1,1602 WITCH HUNTER ANGELA #1,Support,"{""Critical Damage"",""Cold Resist"",""All Basic Attacks"",""Physical Defense"",""Lightning Resist"",""Mind Resist"",""Ignore Defense""}","{""stat4"":[""Attack Speed"",""Movement Speed"",""Cooldown Duration"",""Debuff Duration"",""Max HP Proc (When Hit)""],""stat5"":[""Dodge"",""All Basic Defenses"",""Max HP"",""Energy Defense"",""Recovery Rate""],""stat6"":[""Critical Rate"",""Physical Attack"",""Energy Attack"",""Fire Resist"",""Poison Resist""]}",https://thanosvibs.money/static/cards/witchhunter.png,/mff-assets/cards/witchhunter.webp,https://thanosvibs.money/cards
18721,1872 #1,Support,"{""Attack Speed"",""Movement Speed"",""Critical Damage"",""Dodge"",""Max HP"",""Fire Resist"",""Mind Resist""}","{""stat4"":[""Cooldown Duration"",""Debuff Duration"",""Cold Resist"",""Ignore Defense"",""Attack Speed Proc (When Attacking)""],""stat5"":[""All Basic Defenses"",""Physical Defense"",""Energy Defense"",""Recovery Rate"",""Lightning Resist""],""stat6"":[""Critical Rate"",""All Basic Attacks"",""Physical Attack"",""Energy Attack"",""Poison Resist""]}",https://thanosvibs.money/static/cards/1872.png,/mff-assets/cards/1872.webp,https://thanosvibs.money/cards
18721shanervariant,1872 #1 (SHANER VARIANT),Rare?,"{""Physical Attack"",""Critical Rate"",""Cooldown Duration"",""Dodge"",""Max HP"",""Fire Resist"",""Mind Resist""}","{""stat4"":[""Attack Speed"",""Movement Speed"",""Critical Damage"",""Debuff Duration"",""Critical Rate Proc (When Attacking)""],""stat5"":[""Physical Defense"",""All Basic Defenses"",""Energy Defense"",""Recovery Rate"",""Lightning Resist""],""stat6"":[""Poison Resist"",""All Basic Attacks"",""Cold Resist"",""Energy Attack"",""Ignore Defense""]}",https://thanosvibs.money/static/cards/shaner.png,/mff-assets/cards/shaner.webp,https://thanosvibs.money/cards
agentsofatlas20191youngvariant,AGENTS OF ATLAS (2019) #1 (YOUNG VARIANT),Event,"{""Cooldown Duration"",""Recovery Rate"",""Energy Attack"",""Max HP"",""Debuff Duration"",""Physical Attack"",""Cold Resist""}","{""stat4"":[""Attack Speed"",""Critical Rate"",""All Basic Attacks"",""Movement Speed"",""Energy Attack Proc (When Hit)""],""stat5"":[""Critical Damage"",""Dodge"",""Fire Resist"",""Physical Defense"",""Energy Defense""],""stat6"":[""All Basic Defenses"",""Ignore Defense"",""Mind Resist"",""Lightning Resist"",""Poison Resist""]}",https://thanosvibs.money/static/cards/6anniv.png,/mff-assets/cards/6anniv.webp,https://thanosvibs.money/cards
allnewalldifferentavengers20151,"ALL-NEW, ALL-DIFFERENT AVENGERS (2015) #1",Premium,"{""Physical Attack"",""Energy Attack"",""All Basic Attacks""}","{""stat4"":[""Attack Speed"",""Movement Speed"",""Lightning Resist"",""Critical Damage"",""All Basic Defenses Proc (When Attacking)""],""stat5"":[""Energy Defense"",""Max HP"",""Physical Defense"",""Recovery Rate"",""Mind Resist""],""stat6"":[""Ignore Defense"",""Dodge"",""Fire Resist"",""Critical Rate"",""Poison Resist""]}",https://thanosvibs.money/static/cards/anadavengers.png,/mff-assets/cards/anadavengers.webp,https://thanosvibs.money/cards
amazingspiderman1999533,AMAZING SPIDER-MAN (1999) #533,Rare?,"{""Attack Speed"",""Dodge"",""Energy Attack"",""Ignore Defense"",""Max HP"",""Critical Damage"",""Fire Resist""}","{""stat4"":[""Poison Resist"",""Movement Speed"",""Cooldown Duration"",""Debuff Duration"",""Dodge Proc (When Critting)""],""stat5"":[""All Basic Defenses"",""Physical Defense"",""Energy Defense"",""Recovery Rate"",""Lightning Resist""],""stat6"":[""Critical Rate"",""All Basic Attacks"",""Physical Attack"",""Cold Resist"",""Mind Resist""]}",https://thanosvibs.money/static/cards/asm_533.png,/mff-assets/cards/asm533.webp,https://thanosvibs.money/cards
amazingspiderman1999535,AMAZING SPIDER-MAN (1999) #535,Rare?,"{""Max HP"",""Attack Speed"",""Physical Attack"",""Dodge"",""Critical Damage"",""Cold Resist"",""Fire Resist""}","{""stat4"":[""Lightning Resist"",""Movement Speed"",""Cooldown Duration"",""Debuff Duration"",""Attack Speed Proc (When Critting)""],""stat5"":[""Energy Defense"",""All Basic Defenses"",""Physical Defense"",""Recovery Rate"",""Mind Resist""],""stat6"":[""Energy Attack"",""All Basic Attacks"",""Ignore Defense"",""Critical Rate"",""Poison Resist""]}",https://thanosvibs.money/static/cards/asm_535.png,/mff-assets/cards/asm535.webp,https://thanosvibs.money/cards
amazingspiderman1999605,AMAZING SPIDER-MAN (1999) #605,Premium,"{""All Basic Attacks"",""Ignore Defense"",""Attack Speed""}","{""stat4"":[""All Basic Defenses"",""Critical Rate"",""Lightning Resist"",""Energy Attack"",""Debuff Duration Proc (When Hit)""],""stat5"":[""Physical Attack"",""Cooldown Duration"",""Recovery Rate"",""Mind Resist"",""Cold Resist""],""stat6"":[""Critical Damage"",""Max HP"",""Fire Resist"",""Dodge"",""Energy Defense""]}",https://thanosvibs.money/static/cards/babyspidey.png,/mff-assets/cards/babyspidey.webp,https://thanosvibs.money/cards
amazingspiderman1999653,AMAZING SPIDER-MAN (1999) #653,Semi-Premium,"{""Dodge"",""All Basic Attacks"",""Energy Attack"",""Mind Resist"",""Attack Speed"",""Cooldown Duration"",""All Basic Defenses""}","{""stat4"":[""Physical Attack"",""Debuff Duration"",""Movement Speed"",""Max HP"",""Critical Rate Proc (When Hit)""],""stat5"":[""Dodge"",""Cold Resist"",""All Basic Defenses"",""Ignore Defense"",""Lightning Resist""],""stat6"":[""Recovery Rate"",""Fire Resist"",""Critical Damage"",""Physical Defense"",""Poison Resist""]}",https://thanosvibs.money/static/cards/asm_653.png,/mff-assets/cards/asm653.webp,https://thanosvibs.money/cards
amazingspiderman1999674,AMAZING SPIDER-MAN (1999) #674,Rare?,"{""Cooldown Duration"",""Cold Resist"",""Energy Attack"",""Poison Resist"",""Physical Attack"",""Critical Damage"",""All Basic Defenses""}","{""stat4"":[""Physical Defense"",""Fire Resist"",""Attack Speed"",""Recovery Rate"",""Dodge Proc (When Hit)""],""stat5"":[""Max HP"",""Movement Speed"",""Debuff Duration"",""Energy Defense"",""Mind Resist""],""stat6"":[""Ignore Defense"",""Lightning Resist"",""Dodge"",""All Basic Attacks"",""Critical Rate""]}",https://thanosvibs.money/static/cards/asm_674.png,/mff-assets/cards/asm674.webp,https://thanosvibs.money/cards
amazingspiderman201413,AMAZING SPIDER-MAN (2014) #13,Premium,"{""Ignore Defense"",""Cooldown Duration"",""All Basic Attacks""}","{""stat4"":[""Attack Speed"",""Movement Speed"",""Lightning Resist"",""Critical Damage"",""All Basic Defenses Proc (When Attacking)""],""stat5"":[""Energy Defense"",""Dodge"",""Physical Defense"",""Recovery Rate"",""Mind Resist""],""stat6"":[""Energy Attack"",""Max HP"",""Fire Resist"",""Critical Rate"",""Poison Resist""]}",https://thanosvibs.money/static/cards/asm_13.png,/mff-assets/cards/asm13.webp,https://thanosvibs.money/cards
annihilationronan20061,ANNIHILATION: RONAN (2006) #1,Support,"{""Energy Attack"",""Fire Resist"",""Physical Attack"",""Dodge"",""Max HP"",""Cold Resist"",""Debuff Duration""}","{""stat4"":[""Attack Speed"",""Movement Speed"",""Lightning Resist"",""Critical Damage"",""Physical Attack Proc (When Attacking)""],""stat5"":[""Energy Defense"",""All Basic Defenses"",""Physical Defense"",""Recovery Rate"",""Mind Resist""],""stat6"":[""Cooldown Duration"",""All Basic Attacks"",""Ignore Defense"",""Critical Rate"",""Poison Resist""]}",https://thanosvibs.money/static/cards/ronan.png,/mff-assets/cards/ronan.webp,https://thanosvibs.money/cards
antman20151,ANT-MAN (2015) #1,Support,"{""Critical Damage"",""Max HP"",""Dodge"",""Ignore Defense"",""Energy Defense"",""Debuff Duration"",""Fire Resist""}","{""stat4"":[""Attack Speed"",""Movement Speed"",""Cooldown Duration"",""Energy Attack"",""Physical Attack Proc (When Hit)""],""stat5"":[""All Basic Defenses"",""Physical Defense"",""Poison Resist"",""Recovery Rate"",""Lightning Resist""],""stat6"":[""Critical Rate"",""All Basic Attacks"",""Physical Attack"",""Cold Resist"",""Mind Resist""]}",https://thanosvibs.money/static/cards/antman2015.png,/mff-assets/cards/antman2015.webp,https://thanosvibs.money/cards
antman20155,ANT-MAN (2015) #5,Rare?,"{""All Basic Defenses"",""Lightning Resist"",""Cold Resist"",""Fire Resist"",""Recovery Rate"",""Max HP"",""Energy Defense""}","{""stat4"":[""Physical Defense"",""Dodge"",""Critical Damage"",""Energy Attack"",""Skill Cooldown Proc (When Dodging)""],""stat5"":[""Physical Attack"",""Mind Resist"",""Cooldown Duration"",""Attack Speed"",""Critical Rate""],""stat6"":[""Ignore Defense"",""Poison Resist"",""Movement Speed"",""All Basic Attacks"",""Debuff Duration""]}",https://thanosvibs.money/static/cards/antman2015_2.png,/mff-assets/cards/antman20152.webp,https://thanosvibs.money/cards
antmanandthewasp20101,ANT-MAN AND THE WASP (2010) #1,Rare?,"{""Movement Speed"",""Poison Resist"",""Max HP"",""Lightning Resist"",""All Basic Defenses"",""All Basic Attacks"",""Energy Defense""}","{""stat4"":[""Cold Resist"",""Fire Resist"",""Cooldown Duration"",""Critical Rate"",""Max HP Proc (When Dodging)""],""stat5"":[""Energy Attack"",""Mind Resist"",""Recovery Rate"",""Critical Damage"",""Debuff Duration""],""stat6"":[""Attack Speed"",""Ignore Defense"",""Physical Defense"",""Physical Attack"",""Dodge""]}",https://thanosvibs.money/static/cards/antman2010.png,/mff-assets/cards/antman2010.webp,https://thanosvibs.money/cards
armorwars1,ARMOR WARS #1,Support,"{""Movement Speed"",""Mind Resist"",""Critical Damage"",""Dodge"",""Max HP"",""Fire Resist"",""Cold Resist""}","{""stat4"":[""Attack Speed"",""Cooldown Duration"",""Debuff Duration"",""Ignore Defense"",""Ignore Defense Proc (When Critting)""],""stat5"":[""All Basic Defenses"",""Physical Defense"",""Energy Defense"",""Recovery Rate"",""Lightning Resist""],""stat6"":[""Critical Rate"",""All Basic Attacks"",""Physical Attack"",""Energy Attack"",""Poison Resist""]}",https://thanosvibs.money/static/cards/armorwars.png,/mff-assets/cards/armorwars.webp,https://thanosvibs.money/cards
avengers196312,AVENGERS (1963) #12,Premium,"{""Cooldown Duration"",""Physical Attack"",""All Basic Attacks""}","{""stat4"":[""Attack Speed"",""Movement Speed"",""Lightning Resist"",""Critical Damage"",""All Basic Defenses Proc (When Attacking)""],""stat5"":[""Energy Defense"",""Max HP"",""Physical Defense"",""Recovery Rate"",""Mind Resist""],""stat6"":[""Energy Attack"",""Debuff Duration"",""Ignore Defense"",""Critical Rate"",""Poison Resist""]}",https://thanosvibs.money/static/cards/avengers_12.png,/mff-assets/cards/avengers12.webp,https://thanosvibs.money/cards
avengers1963318,AVENGERS (1963) #318,Support,"{""Max HP"",""Ignore Defense"",""Physical Attack"",""Dodge"",""All Basic Attacks"",""Cold Resist"",""Fire Resist""}","{""stat4"":[""Attack Speed"",""Movement Speed"",""Cooldown Duration"",""Debuff Duration"",""Skill Cooldown Proc (When Critting)""],""stat5"":[""Energy Defense"",""All Basic Defenses"",""Critical Damage"",""Recovery Rate"",""Mind Resist""],""stat6"":[""Energy Attack"",""Lightning Resist"",""Physical Defense"",""Critical Rate"",""Poison Resist""]}",https://thanosvibs.money/static/cards/avengers_318.png,/mff-assets/cards/avengers318.webp,https://thanosvibs.money/cards
avengers199871,AVENGERS (1998) #71,Rare?,"{""Critical Damage"",""Mind Resist"",""Physical Attack"",""Recovery Rate"",""All Basic Defenses"",""Max HP"",""Critical Rate""}","{""stat4"":[""Debuff Duration"",""Lightning Resist"",""Cooldown Duration"",""Physical Defense"",""All Basic Defenses Proc (When Dodging)""],""stat5"":[""Attack Speed"",""Cold Resist"",""Fire Resist"",""Energy Attack"",""Movement Speed""],""stat6"":[""Dodge"",""Poison Resist"",""Energy Defense"",""All Basic Attacks"",""Ignore Defense""]}",https://thanosvibs.money/static/cards/avengers_71.png,/mff-assets/cards/avengers71.webp,https://thanosvibs.money/cards
avengersoriginsantmanandthewasp20131,AVENGERS ORIGINS: ANT-MAN & THE WASP (2013) #1,Support,"{""Mind Resist"",""Ignore Defense"",""Dodge"",""Energy Defense"",""Max HP"",""Critical Damage"",""Fire Resist""}","{""stat4"":[""Attack Speed"",""Movement Speed"",""Cooldown Duration"",""Energy Attack"",""Debuff Duration Proc (When Hit)""],""stat5"":[""All Basic Defenses"",""Physical Defense"",""Poison Resist"",""Recovery Rate"",""Lightning Resist""],""stat6"":[""Critical Rate"",""All Basic Attacks"",""Physical Attack"",""Cold Resist"",""Debuff Duration""]}",https://thanosvibs.money/static/cards/amatworigins.png,/mff-assets/cards/amatworigins.webp,https://thanosvibs.money/cards
avengersoriginslukecage20131,AVENGERS ORIGINS: LUKE CAGE (2013) #1,Rare?,"{""Physical Attack"",""Physical Defense"",""Ignore Defense"",""Mind Resist"",""Movement Speed"",""Attack Speed"",""Energy Defense""}","{""stat4"":[""Dodge"",""Energy Attack"",""Critical Damage"",""Debuff Duration"",""Physical Attack Proc (When Hit)""],""stat5"":[""Fire Resist"",""Poison Resist"",""All Basic Defenses"",""Max HP"",""Critical Rate""],""stat6"":[""Lightning Resist"",""Cold Resist"",""Cooldown Duration"",""All Basic Attacks"",""Recovery Rate""]}",https://thanosvibs.money/static/cards/lukeorigins.png,/mff-assets/cards/lukeorigins.webp,https://thanosvibs.money/cards
avengersoriginsquicksilverandthescarletwitch20131,AVENGERS ORIGINS: QUICKSILVER & THE SCARLET WITCH (2013) #1,Premium,"{""Max HP"",""Ignore Defense"",""All Basic Attacks""}","{""stat4"":[""Energy Attack"",""Critical Damage"",""Energy Defense"",""Fire Resist"",""Physical Attack Proc (When Attacking)""],""stat5"":[""Dodge"",""Debuff Duration"",""Attack Speed"",""All Basic Defenses"",""Lightning Resist""],""stat6"":[""Critical Rate"",""Mind Resist"",""Cooldown Duration"",""Movement Speed"",""Cold Resist""]}",https://thanosvibs.money/static/cards/womerorigins.png,/mff-assets/cards/womerorigins.webp,https://thanosvibs.money/cards
avengersoriginsthor20111,AVENGERS ORIGINS: THOR (2011) #1,Semi-Premium,"{""Energy Attack"",""Ignore Defense"",""Physical Attack"",""Poison Resist"",""All Basic Defenses"",""Cooldown Duration"",""Debuff Duration""}","{""stat4"":[""Critical Rate"",""Dodge"",""Attack Speed"",""Movement Speed"",""Energy Attack Proc (When Hit)""],""stat5"":[""Recovery Rate"",""Mind Resist"",""Lightning Resist"",""Critical Damage"",""Physical Defense""],""stat6"":[""Cold Resist"",""Fire Resist"",""Energy Defense"",""All Basic Attacks"",""Max HP""]}",https://thanosvibs.money/static/cards/thorigins.png,/mff-assets/cards/thorigins.webp,https://thanosvibs.money/cards
avengersoriginsvision20131,AVENGERS ORIGINS: VISION (2013) #1,Rare?,"{""Fire Resist"",""Recovery Rate"",""Max HP"",""Dodge"",""All Basic Defenses"",""Ignore Defense"",""Mind Resist""}","{""stat4"":[""Attack Speed"",""Physical Defense"",""Movement Speed"",""Lightning Resist"",""Energy Attack Proc (When Attacking)""],""stat5"":[""Cooldown Duration"",""Energy Defense"",""Critical Rate"",""Physical Attack"",""Poison Resist""],""stat6"":[""All Basic Attacks"",""Debuff Duration"",""Energy Attack"",""Critical Damage"",""Cold Resist""]}",https://thanosvibs.money/static/cards/visionorigins.png,/mff-assets/cards/visionorigins.webp,https://thanosvibs.money/cards
avengerstheinitiative200720,AVENGERS: THE INITIATIVE (2007) #20,Support,"{""Attack Speed"",""All Basic Defenses"",""Physical Attack"",""Dodge"",""Max HP"",""Cold Resist"",""Debuff Duration""}","{""stat4"":[""Energy Attack"",""Movement Speed"",""Lightning Resist"",""Critical Damage"",""Ignore Defense Proc (When Attacking)""],""stat5"":[""Energy Defense"",""Fire Resist"",""Physical Defense"",""Recovery Rate"",""Mind Resist""],""stat6"":[""Cooldown Duration"",""All Basic Attacks"",""Ignore Defense"",""Critical Rate"",""Poison Resist""]}",https://thanosvibs.money/static/cards/avengersinitiative.png,/mff-assets/cards/avengersinitiative.webp,https://thanosvibs.money/cards
blackpanther166,BLACK PANTHER #166,Premium,"{""All Basic Attacks"",""Cooldown Duration"",""Critical Damage""}","{""stat4"":[""Physical Attack"",""Max HP"",""Critical Rate"",""Lightning Resist"",""All Basic Defenses Proc (When Attacking)""],""stat5"":[""Ignore Defense"",""Cold Resist"",""Energy Defense"",""Debuff Duration"",""Energy Attack""],""stat6"":[""Recovery Rate"",""Fire Resist"",""Poison Resist"",""Attack Speed"",""All Basic Defenses""]}",https://thanosvibs.money/static/cards/clord.png,/mff-assets/cards/clord.webp,https://thanosvibs.money/cards
blackpanther35,BLACK PANTHER #35,Premium,"{""Physical Attack"",""Ignore Defense"",""Cooldown Duration""}","{""stat4"":[""Max HP"",""Lightning Resist"",""Attack Speed"",""Critical Rate"",""Debuff Duration Proc (When Hit)""],""stat5"":[""Recovery Rate"",""Fire Resist"",""Cold Resist"",""Critical Damage"",""Debuff Duration""],""stat6"":[""Movement Speed"",""Poison Resist"",""Physical Defense"",""All Basic Attacks"",""Energy Defense""]}",https://thanosvibs.money/static/cards/panther.png,/mff-assets/cards/panther.webp,https://thanosvibs.money/cards
blackwidow20161,BLACK WIDOW (2016) #1,Rare?,"{""Movement Speed"",""Debuff Duration"",""Energy Attack"",""Poison Resist"",""All Basic Defenses"",""Critical Damage"",""Dodge""}","{""stat4"":[""Recovery Rate"",""Fire Resist"",""Max HP"",""Physical Attack"",""Physical Attack Proc (When Attacking)""],""stat5"":[""Critical Rate"",""Lightning Resist"",""Physical Defense"",""Ignore Defense"",""Energy Defense""],""stat6"":[""Cold Resist"",""Mind Resist"",""Cooldown Duration"",""All Basic Attacks"",""Attack Speed""]}",https://thanosvibs.money/static/cards/bw2016_1.png,/mff-assets/cards/bw20161.webp,https://thanosvibs.money/cards
blackwidow201610,BLACK WIDOW (2016) #10,Premium,"{""Cooldown Duration"",""Max HP"",""All Basic Attacks""}","{""stat4"":[""Physical Attack"",""Recovery Rate"",""Critical Damage"",""Fire Resist"",""Energy Attack Proc (When Hit)""],""stat5"":[""Critical Rate"",""Energy Attack"",""Energy Defense"",""Physical Defense"",""Lightning Resist""],""stat6"":[""Debuff Duration"",""Mind Resist"",""Ignore Defense"",""Attack Speed"",""Cold Resist""]}",https://thanosvibs.money/static/cards/bw2016_10.png,/mff-assets/cards/bw201610.webp,https://thanosvibs.money/cards
blackwidow20,BLACK WIDOW #20,Support,"{""All Basic Defenses"",""Max HP"",""Critical Damage"",""Dodge"",""Fire Resist"",""Cold Resist"",""Mind Resist""}","{""stat4"":[""Attack Speed"",""Cooldown Duration"",""Debuff Duration"",""Recovery Rate"",""Skill Cooldown Proc (When Attacking)""],""stat5"":[""Movement Speed"",""Energy Defense"",""Lightning Resist"",""Poison Resist"",""Ignore Defense""],""stat6"":[""Critical Rate"",""All Basic Attacks"",""Physical Attack"",""Energy Attack"",""Physical Defense""]}",https://thanosvibs.money/static/cards/widow.png,/mff-assets/cards/widow.webp,https://thanosvibs.money/cards
captainamerica1968109,CAPTAIN AMERICA (1968) #109,Premium,"{""Physical Attack"",""Physical Defense"",""All Basic Defenses""}","{""stat4"":[""Attack Speed"",""Movement Speed"",""Cooldown Duration"",""Debuff Duration"",""All Basic Attacks Proc (When Hit)""],""stat5"":[""Critical Damage"",""Max HP"",""Poison Resist"",""Recovery Rate"",""Lightning Resist""],""stat6"":[""Critical Rate"",""Energy Attack"",""Dodge"",""Cold Resist"",""Mind Resist""]}",https://thanosvibs.money/static/cards/1968.png,/mff-assets/cards/1968.webp,https://thanosvibs.money/cards
captainamerica200422,CAPTAIN AMERICA (2004) #22,Rare?,"{""Physical Defense"",""Ignore Defense"",""Energy Attack"",""Dodge"",""Max HP"",""Critical Damage"",""Fire Resist""}","{""stat4"":[""Attack Speed"",""Movement Speed"",""Cooldown Duration"",""Debuff Duration"",""Ignore Defense Proc (When Hit)""],""stat5"":[""All Basic Defenses"",""Poison Resist"",""Energy Defense"",""Recovery Rate"",""Lightning Resist""],""stat6"":[""Critical Rate"",""All Basic Attacks"",""Physical Attack"",""Cold Resist"",""Mind Resist""]}",https://thanosvibs.money/static/cards/cap22.png,/mff-assets/cards/cap22.webp,https://thanosvibs.money/cards
captainamerica200424,CAPTAIN AMERICA (2004) #24,Semi-Premium,"{""Physical Attack"",""Cooldown Duration"",""Dodge"",""Lightning Resist"",""Physical Defense"",""Attack Speed"",""Movement Speed""}","{""stat4"":[""Max HP"",""Energy Attack"",""Debuff Duration"",""Critical Rate"",""All Basic Defenses Proc (When Dodging)""],""stat5"":[""Recovery Rate"",""Fire Resist"",""All Basic Defenses"",""Ignore Defense"",""Critical Damage""],""stat6"":[""Cold Resist"",""Poison Resist"",""Mind Resist"",""All Basic Attacks"",""Energy Defense""]}",https://thanosvibs.money/static/cards/cap24.png,/mff-assets/cards/cap24.webp,https://thanosvibs.money/cards
captainmarvelandthecarolcorps2,CAPTAIN MARVEL & THE CAROL CORPS #2,Support,"{""Critical Rate"",""Poison Resist"",""Critical Damage"",""Dodge"",""Max HP"",""Fire Resist"",""Mind Resist""}","{""stat4"":[""Attack Speed"",""All Basic Defenses"",""Cooldown Duration"",""Debuff Duration"",""Critical Damage Proc (When Attacking)""],""stat5"":[""Movement Speed"",""All Basic Attacks"",""Physical Defense"",""Energy Defense"",""Lightning Resist""],""stat6"":[""Physical Attack"",""Energy Attack"",""Recovery Rate"",""Cold Resist"",""Ignore Defense""]}",https://thanosvibs.money/static/cards/carolcorps.png,/mff-assets/cards/carolcorps.webp,https://thanosvibs.money/cards
civilwar20063,CIVIL WAR (2006) #3,Rare,"{""Cooldown Duration"",""Debuff Duration"",""Physical Attack"",""Dodge"",""Max HP"",""Cold Resist"",""Fire Resist""}","{""stat4"":[""Attack Speed"",""Movement Speed"",""Lightning Resist"",""Critical Damage"",""Physical Attack Proc (When Attacking)""],""stat5"":[""Energy Defense"",""All Basic Defenses"",""Physical Defense"",""Recovery Rate"",""Mind Resist""],""stat6"":[""Energy Attack"",""All Basic Attacks"",""Ignore Defense"",""Critical Rate"",""Poison Resist""]}",https://thanosvibs.money/static/cards/cw3.png,/mff-assets/cards/cw3.webp,https://thanosvibs.money/cards
civilwar20064,CIVIL WAR (2006) #4,Rare,"{""All Basic Attacks"",""Physical Defense"",""Physical Attack"",""Dodge"",""Max HP"",""Cold Resist"",""Fire Resist""}","{""stat4"":[""Attack Speed"",""Movement Speed"",""Cooldown Duration"",""Debuff Duration"",""Skill Cooldown Proc (When Critting)""],""stat5"":[""Energy Defense"",""All Basic Defenses"",""Critical Damage"",""Recovery Rate"",""Mind Resist""],""stat6"":[""Energy Attack"",""Lightning Resist"",""Ignore Defense"",""Critical Rate"",""Poison Resist""]}",https://thanosvibs.money/static/cards/cw4.png,/mff-assets/cards/cw4.webp,https://thanosvibs.money/cards
civilwar20065,CIVIL WAR (2006) #5,Semi-Premium,"{""Physical Attack"",""Ignore Defense"",""Physical Defense"",""Poison Resist"",""Critical Rate"",""Critical Damage"",""Movement Speed""}","{""stat4"":[""Dodge"",""Mind Resist"",""Cooldown Duration"",""Debuff Duration"",""All Basic Attacks Proc (When Hit)""],""stat5"":[""Energy Attack"",""Lightning Resist"",""Cold Resist"",""Max HP"",""All Basic Defenses""],""stat6"":[""Recovery Rate"",""Energy Defense"",""Physical Defense"",""All Basic Attacks"",""Fire Resist""]}",https://thanosvibs.money/static/cards/cw5.png,/mff-assets/cards/cw5.webp,https://thanosvibs.money/cards
civilwar20067,CIVIL WAR (2006) #7,Rare?,"{""Recovery Rate"",""Critical Rate"",""Energy Attack"",""Ignore Defense"",""Max HP"",""Critical Damage"",""Fire Resist""}","{""stat4"":[""Attack Speed"",""Movement Speed"",""Cooldown Duration"",""Debuff Duration"",""All Basic Defenses Proc (When Dodging)""],""stat5"":[""All Basic Defenses"",""Physical Defense"",""Energy Defense"",""Poison Resist"",""Lightning Resist""],""stat6"":[""Dodge"",""All Basic Attacks"",""Physical Attack"",""Cold Resist"",""Mind Resist""]}",https://thanosvibs.money/static/cards/cw7.png,/mff-assets/cards/cw7.webp,https://thanosvibs.money/cards
civilwarfrontline20069,CIVIL WAR: FRONT LINE (2006) #9,Rare?,"{""Dodge"",""Physical Defense"",""Physical Attack"",""Lightning Resist"",""Attack Speed"",""Ignore Defense"",""Debuff Duration""}","{""stat4"":[""Critical Rate"",""Poison Resist"",""All Basic Attacks"",""Movement Speed"",""All Basic Defenses Proc (When Hit)""],""stat5"":[""Cold Resist"",""Mind Resist"",""Energy Attack"",""Max HP"",""Energy Defense""],""stat6"":[""Critical Damage"",""All Basic Defenses"",""Fire Resist"",""Recovery Rate"",""Cooldown Duration""]}",https://thanosvibs.money/static/cards/frontline.png,/mff-assets/cards/frontline.webp,https://thanosvibs.money/cards
civilwartheinitiative20071,CIVIL WAR: THE INITIATIVE (2007) #1,Rare?,"{""Energy Defense"",""Critical Damage"",""Physical Attack"",""Dodge"",""Max HP"",""Cold Resist"",""Fire Resist""}","{""stat4"":[""Attack Speed"",""Movement Speed"",""Cooldown Duration"",""Debuff Duration"",""Physical Attack Proc (When Attacking)""],""stat5"":[""Lightning Resist"",""All Basic Defenses"",""Physical Defense"",""Recovery Rate"",""Mind Resist""],""stat6"":[""Energy Attack"",""All Basic Attacks"",""Ignore Defense"",""Critical Rate"",""Poison Resist""]}",https://thanosvibs.money/static/cards/cwinitiative.png,/mff-assets/cards/cwinitiative.webp,https://thanosvibs.money/cards
doctorstrange201810,DOCTOR STRANGE (2018) #10,Chest Semi-Premium,"{""Additional Pierce Damage Increase"",""Cooldown Duration"",""Attack Speed"",""Max HP"",""Recovery Rate"",""Ignore Defense"",""Fire Resist""}","{""stat4"":[""Critical Rate"",""Critical Damage"",""Physical Defense"",""Energy Defense"",""All Basic Attacks Proc (When Hit)""],""stat5"":[""Energy Attack"",""Dodge"",""Debuff Duration"",""Poison Resist"",""Cold Resist""],""stat6"":[""All Basic Attacks"",""All Basic Defenses"",""Mind Resist"",""Critical Rate"",""Lightning Resist""]}",https://thanosvibs.money/static/cards/strange201810.png,/mff-assets/cards/strange201810.webp,https://thanosvibs.money/cards
doctorstrange20182,DOCTOR STRANGE (2018) #2,Chest Semi-Premium,"{""Max HP"",""Additional Pierce Damage Increase"",""Ignore Defense"",""Dodge"",""Debuff Duration"",""Critical Rate"",""Fire Resist""}","{""stat4"":[""Attack Speed"",""Cooldown Duration"",""Recovery Rate"",""Movement Speed"",""Critical Rate Proc (When Attacking)""],""stat5"":[""Critical Damage"",""Physical Defense"",""Energy Defense"",""Mind Resist"",""Cold Resist""],""stat6"":[""All Basic Attacks"",""All Basic Defenses"",""Physical Attack"",""Poison Resist"",""Lightning Resist""]}",https://thanosvibs.money/static/cards/strange20182.png,/mff-assets/cards/strange20182.webp,https://thanosvibs.money/cards
doctorstrange20235,DOCTOR STRANGE (2023) #5,Chest Semi-Premium,"{""Additional Pierce Damage Increase"",""Physical Attack"",""Critical Rate"",""Critical Damage"",""Physical Defense"",""Movement Speed"",""Cold Resist""}","{""stat4"":[""Attack Speed"",""Cooldown Duration"",""Recovery Rate"",""Ignore Defense"",""Energy Attack Proc (When Attacking)""],""stat5"":[""Energy Defense"",""Dodge"",""Energy Attack"",""Mind Resist"",""Fire Resist""],""stat6"":[""All Basic Defenses"",""All Basic Attacks"",""Max HP"",""Lightning Resist"",""Poison Resist""]}",https://thanosvibs.money/static/cards/strange2023.png,/mff-assets/cards/strange2023.webp,https://thanosvibs.money/cards
doctorstrangedamnation20184,DOCTOR STRANGE: DAMNATION (2018) #4,Chest Semi-Premium,"{""Ignore Defense"",""Additional Pierce Damage Increase"",""All Basic Attacks"",""Dodge"",""Debuff Duration"",""Critical Rate"",""Mind Resist""}","{""stat4"":[""Attack Speed"",""Cooldown Duration"",""Recovery Rate"",""Movement Speed"",""Physical Attack Proc (When Attacking)""],""stat5"":[""Critical Damage"",""Physical Defense"",""Energy Defense"",""Lightning Resist"",""Cold Resist""],""stat6"":[""Max HP"",""All Basic Defenses"",""Physical Attack"",""Poison Resist"",""Fire Resist""]}",https://thanosvibs.money/static/cards/strangedamnation.png,/mff-assets/cards/strangedamnation.webp,https://thanosvibs.money/cards
doctorstrangetheoath2,DOCTOR STRANGE: THE OATH #2,Chest Semi-Premium,"{""Energy Attack"",""Additional Pierce Damage Increase"",""Attack Speed"",""Cooldown Duration"",""Max HP"",""Ignore Defense"",""Fire Resist""}","{""stat4"":[""Movement Speed"",""Dodge"",""All Basic Defenses"",""Poison Resist"",""All Basic Defenses Proc (When Hit)""],""stat5"":[""Recovery Rate"",""Physical Attack"",""Energy Attack"",""Mind Resist"",""Lightning Resist""],""stat6"":[""Critical Rate"",""Critical Damage"",""Physical Defense"",""Energy Defense"",""Cold Resist""]}",https://thanosvibs.money/static/cards/strangeoath.png,/mff-assets/cards/strangeoath.webp,https://thanosvibs.money/cards
drax20151,DRAX (2015) #1,Support,"{""Recovery Rate"",""Physical Attack"",""Energy Attack"",""Ignore Defense"",""Max HP"",""Critical Damage"",""Fire Resist""}","{""stat4"":[""Attack Speed"",""Movement Speed"",""Cooldown Duration"",""Debuff Duration"",""Critical Rate Proc (When Hit)""],""stat5"":[""Dodge"",""Physical Defense"",""Energy Defense"",""Poison Resist"",""Lightning Resist""],""stat6"":[""Critical Rate"",""All Basic Attacks"",""All Basic Defenses"",""Cold Resist"",""Mind Resist""]}",https://thanosvibs.money/static/cards/drax.png,/mff-assets/cards/drax.webp,https://thanosvibs.money/cards
futurefightfirstscrescentandio,FUTURE FIGHT FIRSTS: CRESCENT & IO,Premium,"{""All Basic Attacks"",""All Basic Defenses"",""Max HP""}","{""stat4"":[""Recovery Rate"",""Ignore Defense"",""Attack Speed"",""Fire Resist"",""Ignore Defense Proc (When Attacking)""],""stat5"":[""Energy Defense"",""Physical Defense"",""Critical Damage"",""Critical Rate"",""Cold Resist""],""stat6"":[""Debuff Duration"",""Lightning Resist"",""Energy Attack"",""Physical Attack"",""Dodge""]}",https://thanosvibs.money/static/cards/crescent.png,/mff-assets/cards/crescent.webp,https://thanosvibs.money/cards
futurefightfirstslunasnow,FUTURE FIGHT FIRSTS: LUNA SNOW,Premium,"{""Energy Attack"",""All Basic Attacks"",""Critical Rate""}","{""stat4"":[""Ignore Defense"",""Physical Attack"",""Cooldown Duration"",""Cold Resist"",""Energy Attack Proc (When Attacking)""],""stat5"":[""Fire Resist"",""Critical Damage"",""Max HP"",""Attack Speed"",""Lightning Resist""],""stat6"":[""Movement Speed"",""Physical Defense"",""All Basic Defenses"",""Mind Resist"",""Recovery Rate""]}",https://thanosvibs.money/static/cards/lunasnow.png,/mff-assets/cards/lunasnow.webp,https://thanosvibs.money/cards
futurefightfirstslunasnowcoaxvariant,FUTURE FIGHT FIRSTS: LUNA SNOW (COAX VARIANT),Event,"{""All Basic Attacks"",""Recovery Rate"",""Energy Attack"",""Max HP"",""Dodge"",""Physical Attack"",""Lightning Resist""}","{""stat4"":[""Critical Damage"",""Critical Rate"",""Ignore Defense"",""Movement Speed"",""Attack Speed Proc (When Hit)""],""stat5"":[""All Basic Defenses"",""Physical Defense"",""Energy Defense"",""Debuff Duration"",""Fire Resist""],""stat6"":[""Attack Speed"",""Mind Resist"",""Poison Resist"",""Cold Resist"",""Cooldown Duration""]}",https://thanosvibs.money/static/cards/7anniv.png,/mff-assets/cards/7anniv.webp,https://thanosvibs.money/cards
futurefightfirstswhitefox,FUTURE FIGHT FIRSTS: WHITE FOX,Premium,"{""All Basic Attacks"",""Ignore Defense"",""Critical Damage""}","{""stat4"":[""All Basic Defenses"",""Movement Speed"",""Attack Speed"",""Fire Resist"",""Physical Attack Proc (When Attacking)""],""stat5"":[""Critical Rate"",""Lightning Resist"",""Physical Defense"",""Dodge"",""Recovery Rate""],""stat6"":[""Max HP"",""Physical Attack"",""Energy Attack"",""Energy Defense"",""Debuff Duration""]}",https://thanosvibs.money/static/cards/whitefox.png,/mff-assets/cards/whitefox.webp,https://thanosvibs.money/cards
groot20155,GROOT (2015) #5,Support,"{""Critical Damage"",""Ignore Defense"",""Energy Attack"",""Critical Rate"",""Max HP"",""Recovery Rate"",""Fire Resist""}","{""stat4"":[""Attack Speed"",""Movement Speed"",""Cooldown Duration"",""Debuff Duration"",""All Basic Defenses Proc (When Dodging)""],""stat5"":[""All Basic Defenses"",""Physical Defense"",""Energy Defense"",""Poison Resist"",""Lightning Resist""],""stat6"":[""Dodge"",""All Basic Attacks"",""Physical Attack"",""Cold Resist"",""Mind Resist""]}",https://thanosvibs.money/static/cards/groot.png,/mff-assets/cards/groot.webp,https://thanosvibs.money/cards
guardiansofthegalaxybeststoryever20151,GUARDIANS OF THE GALAXY - BEST STORY EVER (2015) #1,Premium,"{""Max HP"",""All Basic Attacks"",""Attack Speed""}","{""stat4"":[""Critical Damage"",""Critical Rate"",""Cooldown Duration"",""Fire Resist"",""Movement Speed Proc (When Attacking)""],""stat5"":[""Energy Attack"",""Energy Defense"",""Ignore Defense"",""Dodge"",""Mind Resist""],""stat6"":[""Physical Attack"",""All Basic Defenses"",""Physical Defense"",""Debuff Duration"",""Lightning Resist""]}",https://thanosvibs.money/static/cards/bse.png,/mff-assets/cards/bse.webp,https://thanosvibs.money/cards
guardiansofthegalaxy20131,GUARDIANS OF THE GALAXY (2013) #1,Support,"{""Attack Speed,"",""Poison Resist,"",""Energy Attack"",""Dodge"",""Max HP"",""Critical Damage"",""Fire Resist""}","{""stat4"":[""Physical Defense"",""Movement Speed"",""Cooldown Duration"",""Debuff Duration"",""Ignore Defense Proc (When Hit)""],""stat5"":[""All Basic Defenses"",""Ignore Defense"",""Energy Defense"",""Recovery Rate"",""Lightning Resist""],""stat6"":[""Critical Rate"",""All Basic Attacks"",""Physical Attack"",""Cold Resist"",""Mind Resist""]}",https://thanosvibs.money/static/cards/gotg1.png,/mff-assets/cards/gotg1.webp,https://thanosvibs.money/cards
guardiansofthegalaxy20137,GUARDIANS OF THE GALAXY (2013) #7,Premium,"{""Ignore Defense"",""Energy Attack"",""All Basic Defenses""}","{""stat4"":[""Attack Speed"",""Movement Speed"",""Cooldown Duration"",""Debuff Duration"",""All Basic Attacks Proc (When Hit)""],""stat5"":[""Dodge"",""Physical Defense"",""Poison Resist"",""Recovery Rate"",""Lightning Resist""],""stat6"":[""Critical Rate"",""Max HP"",""Physical Attack"",""Cold Resist"",""Mind Resist""]}",https://thanosvibs.money/static/cards/gotg7.png,/mff-assets/cards/gotg7.webp,https://thanosvibs.money/cards
gwenpool20163,GWENPOOL (2016) #3,Support,"{""Debuff Duration"",""Recovery Rate"",""Dodge"",""Ignore Defense"",""Max HP"",""Critical Damage"",""Fire Resist""}","{""stat4"":[""Attack Speed"",""Movement Speed"",""Cooldown Duration"",""Energy Attack"",""Energy Defense Proc (When Hit)""],""stat5"":[""All Basic Defenses"",""Physical Defense"",""Poison Resist"",""Energy Defense"",""Lightning Resist""],""stat6"":[""Critical Rate"",""All Basic Attacks"",""Physical Attack"",""Cold Resist"",""Mind Resist""]}",https://thanosvibs.money/static/cards/gwenpool.png,/mff-assets/cards/gwenpool.webp,https://thanosvibs.money/cards
ironman200413,IRON MAN (2004) #13,Rare?,"{""Energy Attack"",""Energy Defense"",""Dodge"",""Ignore Defense"",""Max HP"",""Critical Damage"",""Fire Resist""}","{""stat4"":[""Attack Speed"",""Movement Speed"",""Cooldown Duration"",""Debuff Duration"",""Energy Attack Proc (When Hit)""],""stat5"":[""All Basic Defenses"",""Physical Defense"",""Poison Resist"",""Recovery Rate"",""Lightning Resist""],""stat6"":[""Critical Rate"",""All Basic Attacks"",""Physical Attack"",""Cold Resist"",""Mind Resist""]}",https://thanosvibs.money/static/cards/ironman13.png,/mff-assets/cards/ironman13.webp,https://thanosvibs.money/cards
ironman200414,IRON MAN (2004) #14,Rare?,"{""Recovery Rate"",""All Basic Defenses"",""Energy Attack"",""Ignore Defense"",""Max HP"",""Critical Damage"",""Fire Resist""}","{""stat4"":[""Attack Speed"",""Movement Speed"",""Cooldown Duration"",""Debuff Duration"",""Critical Rate Proc (When Hit)""],""stat5"":[""Dodge"",""Physical Defense"",""Energy Defense"",""Poison Resist"",""Lightning Resist""],""stat6"":[""Critical Rate"",""All Basic Attacks"",""Physical Attack"",""Cold Resist"",""Mind Resist""]}",https://thanosvibs.money/static/cards/ironman14.png,/mff-assets/cards/ironman14.webp,https://thanosvibs.money/cards
loki20042,LOKI (2004) #2,Premium,"{""Energy Attack"",""Ignore Defense"",""Cooldown Duration""}","{""stat4"":[""Attack Speed"",""Critical Rate"",""Max HP"",""Lightning Resist"",""Debuff Duration Proc (When Hit)""],""stat5"":[""Fire Resist"",""Recovery Rate"",""Cold Resist"",""Critical Damage"",""Debuff Duration""],""stat6"":[""All Basic Attacks"",""Poison Resist"",""Physical Defense"",""Energy Defense"",""Movement Speed""]}",https://thanosvibs.money/static/cards/loki2.png,/mff-assets/cards/loki2.webp,https://thanosvibs.money/cards
loki20101,LOKI (2010) #1,Premium,"{""Cooldown Duration"",""Attack Speed"",""Ignore Defense""}","{""stat4"":[""Fire Resist"",""Mind Resist"",""Max HP"",""Recovery Rate"",""Skill Cooldown Proc (When Critting)""],""stat5"":[""Movement Speed"",""Dodge"",""Energy Defense"",""Energy Attack"",""Debuff Duration""],""stat6"":[""Lightning Resist"",""Poison Resist"",""Critical Rate"",""All Basic Attacks"",""Physical Defense""]}",https://thanosvibs.money/static/cards/loki1.png,/mff-assets/cards/loki1.webp,https://thanosvibs.money/cards
lokiagentofasgard17,LOKI: AGENT OF ASGARD #17,Support,"{""All Basic Attacks"",""Cooldown Duration"",""Critical Damage"",""Dodge"",""Max HP"",""Mind Resist"",""Ignore Defense""}","{""stat4"":[""Attack Speed"",""Movement Speed"",""Debuff Duration"",""Cold Resist"",""Physical Attack Proc (When Critting)""],""stat5"":[""Recovery Rate"",""All Basic Defenses"",""Physical Defense"",""Energy Defense"",""Lightning Resist""],""stat6"":[""Physical Attack"",""Fire Resist"",""Energy Attack"",""Critical Rate"",""Poison Resist""]}",https://thanosvibs.money/static/cards/agentofasgard.png,/mff-assets/cards/agentofasgard.webp,https://thanosvibs.money/cards
modokassassin1,M.O.D.O.K. ASSASSIN #1,Support,"{""Debuff Duration"",""Mind Resist"",""Max HP"",""Dodge"",""Critical Damage"",""Fire Resist"",""Ignore Defense""}","{""stat4"":[""Attack Speed"",""Movement Speed"",""Cooldown Duration"",""Cold Resist"",""Ignore Defense Proc (When Attacking)""],""stat5"":[""Lightning Resist"",""All Basic Defenses"",""Physical Defense"",""Energy Defense"",""Recovery Rate""],""stat6"":[""Energy Attack"",""All Basic Attacks"",""Physical Attack"",""Critical Rate"",""Poison Resist""]}",https://thanosvibs.money/static/cards/assassin.png,/mff-assets/cards/assassin.webp,https://thanosvibs.money/cards
marvelfuturefight1,MARVEL FUTURE FIGHT #1,Event,"{""Ignore Defense"",""Max HP"",""All Basic Attacks"",""Dodge"",""Mind Resist"",""Critical Damage"",""Fire Resist""}","{""stat4"":[""Cooldown Duration"",""Movement Speed"",""Cold Resist"",""Debuff Duration"",""Max HP Proc (When Dodging)""],""stat5"":[""All Basic Defenses"",""Physical Defense"",""Physical Attack"",""Energy Attack"",""Lightning Resist""],""stat6"":[""Critical Rate"",""Attack Speed"",""Energy Defense"",""Recovery Rate"",""Poison Resist""]}",https://thanosvibs.money/static/cards/mff1.png,/mff-assets/cards/mff1.webp,https://thanosvibs.money/cards
marvelfuturefight2,MARVEL FUTURE FIGHT #2,Event,"{""Recovery Rate"",""Energy Attack"",""Critical Rate"",""Fire Resist"",""Debuff Duration"",""Max HP"",""Ignore Defense""}","{""stat4"":[""Dodge"",""Movement Speed"",""Attack Speed"",""Cooldown Duration"",""Energy Attack Proc (When Hit)""],""stat5"":[""Mind Resist"",""Cold Resist"",""Energy Defense"",""Critical Damage"",""Physical Defense""],""stat6"":[""All Basic Attacks"",""Lightning Resist"",""Poison Resist"",""Physical Attack"",""All Basic Defenses""]}",https://thanosvibs.money/static/cards/mff2.png,/mff-assets/cards/mff2.webp,https://thanosvibs.money/cards
marvelzombies2,MARVEL ZOMBIES #2,Support,"{""Dodge"",""Cooldown Duration"",""Critical Damage"",""Physical Defense"",""Fire Resist"",""Poison Resist"",""Mind Resist""}","{""stat4"":[""Attack Speed"",""All Basic Defenses"",""Energy Attack"",""Ignore Defense"",""Skill Cooldown Proc (When Dodging)""],""stat5"":[""Movement Speed"",""Energy Defense"",""Recovery Rate"",""Cold Resist"",""Lightning Resist""],""stat6"":[""Critical Rate"",""All Basic Attacks"",""Max HP"",""Debuff Duration"",""Physical Attack""]}",https://thanosvibs.money/static/cards/marvelzombies.png,/mff-assets/cards/marvelzombies.webp,https://thanosvibs.money/cards
marvelzombies2waltavariant,MARVEL ZOMBIES #2 (WALTA VARIANT),Rare?,"{""Energy Defense"",""Dodge"",""Movement Speed"",""Cold Resist"",""Max HP"",""Critical Damage"",""Mind Resist""}","{""stat4"":[""Attack Speed"",""Fire Resist"",""Cooldown Duration"",""Debuff Duration"",""Dodge Proc (When Hit)""],""stat5"":[""Lightning Resist"",""All Basic Defenses"",""Physical Defense"",""Ignore Defense"",""Recovery Rate""],""stat6"":[""Energy Attack"",""All Basic Attacks"",""Physical Attack"",""Critical Rate"",""Poison Resist""]}",https://thanosvibs.money/static/cards/walta.png,/mff-assets/cards/walta.webp,https://thanosvibs.money/cards
marvelzombiesreturn20091,MARVEL ZOMBIES RETURN (2009) #1,Premium,"{""All Basic Attacks"",""Max HP"",""Ignore Dodge""}","{""stat4"":[""All Basic Defenses"",""Fire Resist"",""Energy Defense"",""Physical Attack"",""Max HP Proc (When Attacking)""],""stat5"":[""Attack Speed"",""Energy Attack"",""Dodge"",""Lightning Resist"",""Mind Resist""],""stat6"":[""Debuff Duration"",""Cold Resist"",""Critical Rate"",""Recovery Rate"",""Physical Defense""]}",https://thanosvibs.money/static/cards/mzr_spidey.png,/mff-assets/cards/mzrspidey.webp,https://thanosvibs.money/cards
marvelzombiesreturn20092,MARVEL ZOMBIES RETURN (2009) #2,Support,"{""Physical Attack"",""Ignore Defense"",""Critical Damage"",""All Basic Attacks"",""Cooldown Duration"",""Max HP"",""Movement Speed""}","{""stat4"":[""All Basic Defenses"",""Cold Resist"",""Energy Defense"",""Poison Resist"",""All Basic Defenses Proc (When Attacking)""],""stat5"":[""Critical Rate"",""Debuff Duration"",""Attack Speed"",""Mind Resist"",""Dodge""],""stat6"":[""Fire Resist"",""Energy Attack"",""Lightning Resist"",""Physical Defense"",""Recovery Rate""]}",https://thanosvibs.money/static/cards/mzr_ironman.png,/mff-assets/cards/mzrironman.webp,https://thanosvibs.money/cards
marvelzombiesreturn20093,MARVEL ZOMBIES RETURN (2009) #3,Support,"{""All Basic Defenses"",""Debuff Duration"",""Fire Resist"",""Attack Speed"",""Energy Attack"",""Physical Attack"",""Dodge""}","{""stat4"":[""Critical Rate"",""Poison Resist"",""Lightning Resist"",""Energy Defense"",""Physical Attack Proc (When Attacking)""],""stat5"":[""Recovery Rate"",""Max HP"",""Physical Defense"",""Ignore Defense"",""All Resistances""],""stat6"":[""Movement Speed"",""Cold Resist"",""Mind Resist"",""Critical Damage"",""Cooldown Duration""]}",https://thanosvibs.money/static/cards/mzr_wolverine.png,/mff-assets/cards/mzrwolverine.webp,https://thanosvibs.money/cards
marvelzombiesreturn20094,MARVEL ZOMBIES RETURN (2009) #4,Support,"{""Cooldown Duration"",""All Basic Attacks"",""Ignore Defense"",""Attack Speed"",""Poison Resist"",""Dodge"",""Lightning Resist""}","{""stat4"":[""Fire Resist"",""Physical Defense"",""Recovery Rate"",""All Basic Defenses"",""Critical Rate Proc (When Attacking)""],""stat5"":[""Movement Speed"",""Debuff Duration"",""Critical Rate"",""Energy Defense"",""Mind Resist""],""stat6"":[""Cold Resist"",""Max HP"",""Physical Attack"",""Critical Damage"",""Energy Attack""]}",https://thanosvibs.money/static/cards/mzr_hulk.png,/mff-assets/cards/mzrhulk.webp,https://thanosvibs.money/cards
marvelzombiesreturn20095,MARVEL ZOMBIES RETURN (2009) #5,Support,"{""Energy Attack"",""Max HP"",""All Basic Attacks"",""Movement Speed"",""Mind Resist"",""Dodge"",""Fire Resist""}","{""stat4"":[""Lightning Resist"",""Recovery Rate"",""Attack Speed"",""Poison Resist"",""Energy Attack Proc (When Attacking)""],""stat5"":[""Debuff Duration"",""Energy Defense"",""Cooldown Duration"",""All Basic Defenses"",""Ignore Defense""],""stat6"":[""Physical Attack"",""Physical Defense"",""Cold Resist"",""Critical Damage"",""Critical Rate""]}",https://thanosvibs.money/static/cards/mzr.png,/mff-assets/cards/mzr.webp,https://thanosvibs.money/cards
marvelsvoicesinfinitycomic202233,MARVEL'S VOICES INFINITY COMIC (2022) #33,Event,"{""Physical Attack"",""Energy Attack"",""Recovery Rate"",""Max HP"",""Dodge"",""All Basic Attacks"",""Lightning Resist""}","{""stat4"":[""Critical Damage"",""Critical Rate"",""Ignore Defense"",""Movement Speed"",""Movement Speed Proc (When Attacking)""],""stat5"":[""All Basic Defenses"",""Physical Defense"",""Energy Defense"",""Debuff Duration"",""Fire Resist""],""stat6"":[""Attack Speed"",""Mind Resist"",""Poison Resist"",""Cold Resist"",""Cooldown Duration""]}",https://thanosvibs.money/static/cards/crescent2024.png,/mff-assets/cards/crescent2024.webp,https://thanosvibs.money/cards
monstersunleashed20171,MONSTERS UNLEASHED (2017) #1,Chest Semi-Premium,"{""Physical Attack"",""Dodge"",""Debuff Duration"",""Fire Resist"",""Critical Damage"",""Movement Speed"",""Poison Resist""}","{""stat4"":[""Max HP"",""Attack Speed"",""Cooldown Duration"",""Recovery Rate"",""All Basic Defenses Proc (When Attacking)""],""stat5"":[""Mind Resist"",""Energy Defense"",""Physical Defense"",""Cold Resist"",""Critical Rate""],""stat6"":[""All Basic Attacks"",""All Basic Defenses"",""Ignore Defense"",""Energy Attack"",""Lightning Resist""]}",https://thanosvibs.money/static/cards/mu1.png,/mff-assets/cards/mu1.webp,https://thanosvibs.money/cards
monstersunleashed20172,MONSTERS UNLEASHED (2017) #2,Chest Semi-Premium,"{""All Basic Attacks"",""Debuff Duration"",""Ignore Defense"",""Fire Resist"",""All Basic Defenses"",""Dodge"",""Movement Speed""}","{""stat4"":[""Max HP"",""Poison Resist"",""Cooldown Duration"",""Attack Speed"",""All Basic Defenses Proc (When Hit)""],""stat5"":[""Energy Defense"",""Cold Resist"",""Physical Defense"",""Critical Rate"",""Critical Damage""],""stat6"":[""Energy Attack"",""Physical Attack"",""Recovery Rate"",""Mind Resist"",""Lightning Resist""]}",https://thanosvibs.money/static/cards/mu2.png,/mff-assets/cards/mu2.webp,https://thanosvibs.money/cards
monstersunleashed20173,MONSTERS UNLEASHED (2017) #3,Chest Semi-Premium,"{""Max HP"",""Physical Attack"",""Poison Resist"",""Fire Resist"",""Energy Attack"",""Energy Defense"",""Dodge""}","{""stat4"":[""Recovery Rate"",""Ignore Defense"",""Cooldown Duration"",""Attack Speed"",""Physical Attack Proc (When Attacking)""],""stat5"":[""Cold Resist"",""Physical Defense"",""Movement Speed"",""Critical Rate"",""Critical Damage""],""stat6"":[""All Basic Attacks"",""Mind Resist"",""Lightning Resist"",""Debuff Duration"",""All Basic Defenses""]}",https://thanosvibs.money/static/cards/mu3.png,/mff-assets/cards/mu3.webp,https://thanosvibs.money/cards
monstersunleashed20174,MONSTERS UNLEASHED (2017) #4,Chest Semi-Premium,"{""Max HP"",""Energy Attack"",""Critical Rate"",""Fire Resist"",""Debuff Duration"",""Ignore Defense"",""Dodge""}","{""stat4"":[""Recovery Rate"",""Movement Speed"",""Cooldown Duration"",""Attack Speed"",""Energy Attack Proc (When Attacking)""],""stat5"":[""Mind Resist"",""Cold Resist"",""Energy Defense"",""Critical Damage"",""Physical Defense""],""stat6"":[""Poison Resist"",""Lightning Resist"",""Physical Attack"",""All Basic Attacks"",""All Basic Defenses""]}",https://thanosvibs.money/static/cards/mu4.png,/mff-assets/cards/mu4.webp,https://thanosvibs.money/cards
monstersunleashed20175,MONSTERS UNLEASHED (2017) #5,Chest Semi-Premium,"{""Cooldown Duration"",""Physical Attack"",""Poison Resist"",""Fire Resist"",""Debuff Duration"",""Energy Attack"",""Dodge""}","{""stat4"":[""Recovery Rate"",""Max HP"",""Ignore Defense"",""Attack Speed"",""All Basic Attacks Proc (When Hit)""],""stat5"":[""Energy Defense"",""Cold Resist"",""Physical Defense"",""Critical Rate"",""Critical Damage""],""stat6"":[""Movement Speed"",""Mind Resist"",""Lightning Resist"",""All Basic Attacks"",""All Basic Defenses""]}",https://thanosvibs.money/static/cards/mu5.png,/mff-assets/cards/mu5.webp,https://thanosvibs.money/cards
newavengers9,NEW AVENGERS #9,Premium,"{""Ignore Defense"",""Max HP"",""Critical Damage""}","{""stat4"":[""All Basic Defenses"",""Physical Defense"",""Debuff Duration"",""Critical Rate"",""Max HP Proc (When Hit)""],""stat5"":[""Energy Attack"",""Lightning Resist"",""Fire Resist"",""All Basic Attacks"",""Dodge""],""stat6"":[""Cold Resist"",""Mind Resist"",""Energy Defense"",""Cooldown Duration"",""Attack Speed""]}",https://thanosvibs.money/static/cards/newavengers.png,/mff-assets/cards/newavengers.webp,https://thanosvibs.money/cards
punisher200460,PUNISHER (2004) #60,Rare,"{""Physical Attack"",""Max HP"",""Recovery Rate"",""Poison Resist"",""Physical Defense"",""Cooldown Duration"",""Energy Defense""}","{""stat4"":[""All Basic Defenses"",""Fire Resist"",""Attack Speed"",""Movement Speed"",""Physical Attack Proc (When Hit)""],""stat5"":[""Energy Attack"",""Lightning Resist"",""Critical Rate"",""Ignore Defense"",""Debuff Duration""],""stat6"":[""Cold Resist"",""Mind Resist"",""Dodge"",""All Basic Attacks"",""Critical Damage""]}",https://thanosvibs.money/static/cards/punisher2004.png,/mff-assets/cards/punisher2004.webp,https://thanosvibs.money/cards
punisherwarjournal20061,PUNISHER WAR JOURNAL (2006) #1,Rare?,"{""Ignore Defense"",""Movement Speed"",""Physical Attack"",""Dodge"",""Max HP"",""Cold Resist"",""Fire Resist""}","{""stat4"":[""Attack Speed"",""Lightning Resist"",""Cooldown Duration"",""Debuff Duration"",""Movement Speed Proc (When Dodging)""],""stat5"":[""Energy Defense"",""All Basic Defenses"",""Physical Defense"",""Recovery Rate"",""Mind Resist""],""stat6"":[""Energy Attack"",""All Basic Attacks"",""Critical Damage"",""Critical Rate"",""Poison Resist""]}",https://thanosvibs.money/static/cards/warjournal.png,/mff-assets/cards/warjournal.webp,https://thanosvibs.money/cards
shield20141youngvariant,S.H.I.E.L.D. (2014) #1 (YOUNG VARIANT),Rare?,"{""Fire Resist"",""Ignore Defense"",""Physical Defense"",""Dodge"",""Critical Damage"",""Max HP"",""Mind Resist""}","{""stat4"":[""Attack Speed"",""Movement Speed"",""Cooldown Duration"",""Debuff Duration"",""Movement Speed Proc (When Attacking)""],""stat5"":[""All Basic Defenses"",""Cold Resist"",""Energy Defense"",""Recovery Rate"",""Lightning Resist""],""stat6"":[""Critical Rate"",""All Basic Attacks"",""Physical Attack"",""Energy Attack"",""Poison Resist""]}",https://thanosvibs.money/static/cards/young.png,/mff-assets/cards/young.webp,https://thanosvibs.money/cards
shield201412,S.H.I.E.L.D. (2014) #12,Semi-Premium,"{""Critical Damage"",""All Basic Attacks"",""Energy Attack"",""Max HP"",""All Basic Defenses"",""Ignore Defense"",""Recovery Rate""}","{""stat4"":[""Lightning Resist"",""Cold Resist"",""Attack Speed"",""Debuff Duration"",""Movement Speed Proc (When Dodging)""],""stat5"":[""Fire Resist"",""Poison Resist"",""Critical Rate"",""Movement Speed"",""Physical Defense""],""stat6"":[""Physical Attack"",""Mind Resist"",""Energy Defense"",""Cooldown Duration"",""Dodge""]}",https://thanosvibs.money/static/cards/shield2014_12.png,/mff-assets/cards/shield201412.webp,https://thanosvibs.money/cards
shield20146nycvariant,S.H.I.E.L.D. (2014) #6 (NYC VARIANT),Rare?,"{""Cold Resist"",""Critical Rate"",""Energy Defense"",""Dodge"",""Max HP"",""Critical Damage"",""Fire Resist""}","{""stat4"":[""Attack Speed"",""Movement Speed"",""Cooldown Duration"",""Debuff Duration"",""Critical Rate Proc (When Attacking)""],""stat5"":[""Physical Defense"",""All Basic Defenses"",""Ignore Defense"",""Recovery Rate"",""Lightning Resist""],""stat6"":[""Energy Attack"",""All Basic Attacks"",""Physical Attack"",""Mind Resist"",""Poison Resist""]}",https://thanosvibs.money/static/cards/nyc.png,/mff-assets/cards/nyc.webp,https://thanosvibs.money/cards
shield20147,S.H.I.E.L.D. (2014) #7,Rare?,"{""Lightning Resist"",""Critical Damage"",""Physical Attack"",""Dodge"",""Max HP"",""Cold Resist"",""Fire Resist""}","{""stat4"":[""Attack Speed"",""Movement Speed"",""Cooldown Duration"",""Debuff Duration"",""Debuff Duration Proc (When Hit)""],""stat5"":[""Energy Defense"",""All Basic Defenses"",""Physical Defense"",""Recovery Rate"",""Mind Resist""],""stat6"":[""Energy Attack"",""All Basic Attacks"",""Ignore Defense"",""Critical Rate"",""Poison Resist""]}",https://thanosvibs.money/static/cards/shield2014_7.png,/mff-assets/cards/shield20147.webp,https://thanosvibs.money/cards
shield20148,S.H.I.E.L.D. (2014) #8,Rare?,"{""Poison Resist"",""Dodge"",""Energy Attack"",""Ignore Defense"",""Max HP"",""Critical Damage"",""Fire Resist""}","{""stat4"":[""Attack Speed"",""Movement Speed"",""Cooldown Duration"",""Debuff Duration"",""Attack Speed Proc (When Hit)""],""stat5"":[""All Basic Defenses"",""Physical Defense"",""Energy Defense"",""Recovery Rate"",""Lightning Resist""],""stat6"":[""Critical Rate"",""All Basic Attacks"",""Physical Attack"",""Cold Resist"",""Mind Resist""]}",https://thanosvibs.money/static/cards/shield2014_8.png,/mff-assets/cards/shield20148.webp,https://thanosvibs.money/cards
secretwars209920152,SECRET WARS 2099 (2015) #2,Rare?,"{""Mind Resist"",""Recovery Rate"",""Cold Resist"",""Physical Defense"",""Energy Defense"",""Attack Speed"",""Energy Attack""}","{""stat4"":[""Dodge"",""Poison Resist"",""Max HP"",""Movement Speed"",""Max HP Proc (When Dodging)""],""stat5"":[""Ignore Defense"",""Fire Resist"",""Critical Rate"",""Cooldown Duration"",""Debuff Duration""],""stat6"":[""Critical Damage"",""Lightning Resist"",""All Basic Defenses"",""All Basic Attacks"",""Physical Attack""]}",https://thanosvibs.money/static/cards/2099_2.png,/mff-assets/cards/20992.webp,https://thanosvibs.money/cards
secretwars20991,SECRET WARS 2099 #1,Support,"{""Recovery Rate"",""Lightning Resist"",""Critical Damage"",""Dodge"",""Max HP"",""Fire Resist"",""Mind Resist""}","{""stat4"":[""Attack Speed"",""Movement Speed"",""Cooldown Duration"",""Debuff Duration"",""Physical Defense Proc (When Critting)""],""stat5"":[""All Basic Defenses"",""Physical Defense"",""Energy Defense"",""Cold Resist"",""Ignore Defense""],""stat6"":[""Critical Rate"",""All Basic Attacks"",""Physical Attack"",""Energy Attack"",""Poison Resist""]}",https://thanosvibs.money/static/cards/sw2099.png,/mff-assets/cards/sw2099.webp,https://thanosvibs.money/cards
secretwars20991limvariant,SECRET WARS 2099 #1 (LIM VARIANT),Rare?,"{""Attack Speed"",""Ignore Defense"",""Physical Defense"",""Max HP"",""Critical Damage"",""Fire Resist"",""Mind Resist""}","{""stat4"":[""Dodge"",""Movement Speed"",""Energy Attack"",""Debuff Duration"",""Ignore Defense Proc (When Hit)""],""stat5"":[""Recovery Rate"",""All Basic Defenses"",""Cold Resist"",""Energy Defense"",""Lightning Resist""],""stat6"":[""Physical Attack"",""All Basic Attacks"",""Cooldown Duration"",""Critical Rate"",""Poison Resist""]}",https://thanosvibs.money/static/cards/lim.png,/mff-assets/cards/lim.webp,https://thanosvibs.money/cards
secretwarsbattleworld20151,SECRET WARS: BATTLEWORLD (2015) #1,Rare?,"{""All Basic Defenses"",""Physical Defense"",""Attack Speed"",""Poison Resist"",""Critical Rate"",""Cooldown Duration"",""Debuff Duration""}","{""stat4"":[""Dodge"",""Lightning Resist"",""Max HP"",""Movement Speed"",""Dodge Proc (When Hit)""],""stat5"":[""Recovery Rate"",""Fire Resist"",""Energy Defense"",""Physical Attack"",""Critical Damage""],""stat6"":[""Cold Resist"",""Mind Resist"",""Energy Attack"",""All Basic Attacks"",""Ignore Defense""]}",https://thanosvibs.money/static/cards/battleworld_1.png,/mff-assets/cards/battleworld1.webp,https://thanosvibs.money/cards
secretwarsbattleworld20152,SECRET WARS: BATTLEWORLD (2015) #2,Support,"{""Max HP"",""Fire Resist"",""Critical Damage"",""Dodge"",""Cold Resist"",""Mind Resist"",""Ignore Defense""}","{""stat4"":[""Attack Speed"",""Critical Rate"",""Debuff Duration"",""Physical Defense"",""Movement Speed Proc (When Hit)""],""stat5"":[""Movement Speed"",""Physical Attack"",""Energy Defense"",""Recovery Rate"",""Lightning Resist""],""stat6"":[""All Basic Attacks"",""All Basic Defenses"",""Cooldown Duration"",""Energy Attack"",""Poison Resist""]}",https://thanosvibs.money/static/cards/battleworld_2.png,/mff-assets/cards/battleworld2.webp,https://thanosvibs.money/cards
secretwarsbattleworld20153,SECRET WARS: BATTLEWORLD (2015) #3,Rare?,"{""Physical Attack"",""Poison Resist"",""Recovery Rate"",""Fire Resist"",""Attack Speed"",""Max HP"",""Movement Speed""}","{""stat4"":[""Debuff Duration"",""Critical Rate"",""Cooldown Duration"",""Physical Defense"",""Skill Cooldown Proc (When Dodging)""],""stat5"":[""Energy Attack"",""Lightning Resist"",""All Basic Defenses"",""Ignore Defense"",""Dodge""],""stat6"":[""Cold Resist"",""Mind Resist"",""Energy Attack"",""All Basic Attacks"",""Critical Damage""]}",https://thanosvibs.money/static/cards/battleworld_3.png,/mff-assets/cards/battleworld3.webp,https://thanosvibs.money/cards
starlord20152,STAR-LORD (2015) #2,Support,"{""Ignore Defense"",""Critical Rate"",""Physical Attack"",""Dodge"",""Max HP"",""Cold Resist"",""Fire Resist""}","{""stat4"":[""Attack Speed"",""Lightning Resist"",""Cooldown Duration"",""Debuff Duration"",""Movement Speed Proc (When Dodging)""],""stat5"":[""Energy Defense"",""All Basic Defenses"",""Physical Defense"",""Recovery Rate"",""Mind Resist""],""stat6"":[""Energy Attack"",""All Basic Attacks"",""Critical Damage"",""Movement Speed"",""Poison Resist""]}",https://thanosvibs.money/static/cards/starlord.png,/mff-assets/cards/starlord.webp,https://thanosvibs.money/cards
thepunisher19,THE PUNISHER #19,Support,"{""Ignore Defense"",""Attack Speed"",""Mind Resist"",""Dodge"",""Max HP"",""Critical Damage"",""Fire Resist""}","{""stat4"":[""Cold Resist"",""Movement Speed"",""Cooldown Duration"",""Debuff Duration"",""Max HP Proc (When Dodging)""],""stat5"":[""All Basic Defenses"",""Physical Defense"",""Energy Defense"",""Recovery Rate"",""Lightning Resist""],""stat6"":[""Critical Rate"",""All Basic Attacks"",""Physical Attack"",""Energy Attack"",""Poison Resist""]}",https://thanosvibs.money/static/cards/punisher.png,/mff-assets/cards/punisher.webp,https://thanosvibs.money/cards
theunbelievablegwenpool20161,THE UNBELIEVABLE GWENPOOL (2016) #1,Semi-Premium,"{""All Basic Attacks"",""Max HP"",""Recovery Rate"",""Critical Damage"",""Dodge"",""Lightning Resist"",""Fire Resist""}","{""stat4"":[""Critical Rate"",""Cooldown Duration"",""All Basic Defenses"",""Physical Attack"",""All Basic Attacks Proc (When Hit)""],""stat5"":[""Debuff Duration"",""Attack Speed"",""Physical Defense"",""Movement Speed"",""Mind Resist""],""stat6"":[""Ignore Defense"",""Energy Attack"",""Energy Defense"",""Poison Resist"",""Cold Resist""]}",https://thanosvibs.money/static/cards/ungwenpool1.png,/mff-assets/cards/ungwenpool1.webp,https://thanosvibs.money/cards
theunbelievablegwenpool201617,THE UNBELIEVABLE GWENPOOL (2016) #17,Premium,"{""Cooldown Duration"",""Max HP"",""Ignore Defense""}","{""stat4"":[""Physical Attack"",""Critical Damage"",""Movement Speed"",""Energy Attack"",""Max HP Proc (When Dodging)""],""stat5"":[""Energy Defense"",""Attack Speed"",""Dodge"",""Poison Resist"",""Lightning Resist""],""stat6"":[""All Basic Attacks"",""All Basic Defenses"",""Critical Rate"",""Fire Resist"",""Cold Resist""]}",https://thanosvibs.money/static/cards/ungwenpool17.png,/mff-assets/cards/ungwenpool17.webp,https://thanosvibs.money/cards
theunbelievablegwenpool20162,THE UNBELIEVABLE GWENPOOL (2016) #2,Rare?,"{""Debuff Duration"",""Lightning Resist"",""Cold Resist"",""Poison Resist"",""All Basic Defenses"",""Max HP"",""Energy Defense""}","{""stat4"":[""Recovery Rate"",""Fire Resist"",""Critical Damage"",""Physical Attack"",""All Basic Defenses Proc (When Hit)""],""stat5"":[""Critical Rate"",""Mind Resist"",""Energy Attack"",""Attack Speed"",""Dodge""],""stat6"":[""Cooldown Duration"",""Ignore Defense"",""Movement Speed"",""All Basic Attacks"",""Physical Defense""]}",https://thanosvibs.money/static/cards/ungwenpool2.png,/mff-assets/cards/ungwenpool2.webp,https://thanosvibs.money/cards
theunbelievablegwenpool20166,THE UNBELIEVABLE GWENPOOL (2016) #6,Rare?,"{""Cold Resist"",""Debuff Duration"",""Recovery Rate"",""Poison Resist"",""All Basic Defenses"",""Ignore Defense"",""All Basic Attacks""}","{""stat4"":[""Critical Rate"",""Mind Resist"",""Max HP"",""Energy Defense"",""Movement Speed Proc (When Dodging)""],""stat5"":[""Physical Attack"",""Fire Resist"",""Physical Defense"",""Critical Damage"",""Movement Speed""],""stat6"":[""Attack Speed"",""Dodge"",""Energy Attack"",""Cooldown Duration"",""Lightning Resist""]}",https://thanosvibs.money/static/cards/ungwenpool6.png,/mff-assets/cards/ungwenpool6.webp,https://thanosvibs.money/cards
thors2keownvariant,THORS #2 (KEOWN VARIANT),Rare?,"{""Energy Attack"",""Debuff Duration"",""Critical Damage"",""Dodge"",""Max HP"",""Ignore Defense"",""Fire Resist""}","{""stat4"":[""Attack Speed"",""Movement Speed"",""Cooldown Duration"",""Mind Resist"",""Critical Damage Proc (When Attacking)""],""stat5"":[""Energy Defense"",""All Basic Defenses"",""Physical Defense"",""Recovery Rate"",""Lightning Resist""],""stat6"":[""All Basic Attacks"",""Physical Attack"",""Cold Resist"",""Critical Rate"",""Poison Resist""]}",https://thanosvibs.money/static/cards/thors.png,/mff-assets/cards/thors.webp,https://thanosvibs.money/cards
tigerdivision20221artgermvariant,TIGER DIVISION (2022) #1 (ARTGERM VARIANT),Event,"{""Cooldown Duration"",""Ignore Defense"",""Energy Attack"",""Max HP"",""Debuff Duration"",""Physical Attack"",""Cold Resist""}","{""stat4"":[""Critical Rate"",""Attack Speed"",""Movement Speed"",""Mind Resist"",""Energy Attack Proc (When Attacking)""],""stat5"":[""Critical Damage"",""Physical Defense"",""Energy Defense"",""Dodge"",""Fire Resist""],""stat6"":[""All Basic Defenses"",""All Basic Attacks"",""Recovery Rate"",""Lightning Resist"",""Poison Resist""]}",https://thanosvibs.money/static/cards/luna_anniv8.png,/mff-assets/cards/lunaanniv8.webp,https://thanosvibs.money/cards
uncannyavengers20126,UNCANNY AVENGERS (2012) #6,Rare?,"{""Cooldown Duration"",""Recovery Rate"",""Physical Defense"",""Lightning Resist"",""Dodge"",""Max HP"",""Critical Rate""}","{""stat4"":[""Debuff Duration"",""Movement Speed"",""All Basic Attacks"",""Critical Damage"",""Ignore Defense Proc (When Attacking)""],""stat5"":[""Poison Resist"",""Fire Resist"",""Energy Attack"",""Attack Speed"",""Energy Defense""],""stat6"":[""Mind Resist"",""Cold Resist"",""Physical Attack"",""Ignore Defense"",""All Basic Defenses""]}",https://thanosvibs.money/static/cards/uncanny2012_6.png,/mff-assets/cards/uncanny20126.webp,https://thanosvibs.money/cards
uncannyavengers201510,UNCANNY AVENGERS (2015) #10,Support,"{""Attack Speed"",""Critical Damage"",""Physical Attack"",""Dodge"",""Max HP"",""Cold Resist"",""Debuff Duration""}","{""stat4"":[""Energy Attack"",""Movement Speed"",""Lightning Resist"",""Fire Resist"",""Physical Attack Proc (When Attacking)""],""stat5"":[""Energy Defense"",""All Basic Defenses"",""Physical Defense"",""Recovery Rate"",""Mind Resist""],""stat6"":[""Cooldown Duration"",""All Basic Attacks"",""Ignore Defense"",""Critical Rate"",""Poison Resist""]}",https://thanosvibs.money/static/cards/uncanny2015_10.png,/mff-assets/cards/uncanny201510.webp,https://thanosvibs.money/cards
uncannyavengers201512,UNCANNY AVENGERS (2015) #12,Rare?,"{""Critical Rate"",""Physical Defense"",""Recovery Rate"",""Fire Resist"",""All Basic Defenses"",""Ignore Defense"",""Max HP""}","{""stat4"":[""Energy Defense"",""Cold Resist"",""All Basic Attacks"",""Dodge"",""All Basic Attacks Proc (When Attacking)""],""stat5"":[""Poison Resist"",""Lightning Resist"",""Physical Attack"",""Cooldown Duration"",""Attack Speed""],""stat6"":[""Movement Speed"",""Mind Resist"",""Energy Attack"",""Critical Damage"",""Debuff Duration""]}",https://thanosvibs.money/static/cards/uncanny2015_12.png,/mff-assets/cards/uncanny201512.webp,https://thanosvibs.money/cards
uncannyavengers201514,UNCANNY AVENGERS (2015) #14,Premium,"{""All Basic Attacks"",""Cooldown Duration"",""Ignore Defense""}","{""stat4"":[""Physical Attack"",""Critical Rate"",""Max HP"",""Lightning Resist"",""All Basic Defenses Proc (When Attacking)""],""stat5"":[""Critical Damage"",""Debuff Duration"",""Energy Attack"",""Energy Defense"",""Cold Resist""],""stat6"":[""Recovery Rate"",""Fire Resist"",""Poison Resist"",""Attack Speed"",""All Basic Defenses""]}",https://thanosvibs.money/static/cards/uncanny2015_14.png,/mff-assets/cards/uncanny201514.webp,https://thanosvibs.money/cards
uncannyavengers20153,UNCANNY AVENGERS (2015) #3,Rare?,"{""Critical Rate"",""Energy Defense"",""Cold Resist"",""Lightning Resist"",""Ignore Defense"",""Cooldown Duration"",""Dodge""}","{""stat4"":[""Critical Damage"",""Mind Resist"",""All Basic Attacks"",""Debuff Duration"",""Critical Rate Proc (When Attacking)""],""stat5"":[""Physical Attack"",""Poison Resist"",""Movement Speed"",""Max HP"",""Physical Defense""],""stat6"":[""Recovery Rate"",""Fire Resist"",""Energy Attack"",""Attack Speed"",""All Basic Defenses""]}",https://thanosvibs.money/static/cards/uncanny2015_3.png,/mff-assets/cards/uncanny20153.webp,https://thanosvibs.money/cards
uncannyxmen20188,UNCANNY X-MEN (2018) #8,Support,"{""All Basic Attacks"",""Dodge"",""Critical Rate"",""Fire Resist"",""Debuff Duration"",""Max HP"",""Energy Attack""}","{""stat4"":[""Recovery Rate"",""Attack Speed"",""Movement Speed"",""Cooldown Duration"",""Critical Damage Proc (When Critting)""],""stat5"":[""Mind Resist"",""Cold Resist"",""Energy Defense"",""Critical Damage"",""Physical Defense""],""stat6"":[""Ignore Defense"",""Lightning Resist"",""Poison Resist"",""All Basic Defenses"",""Physical Attack""]}",https://thanosvibs.money/static/cards/uncannyx.png,/mff-assets/cards/uncannyx.webp,https://thanosvibs.money/cards
waroftherealmsnewagentsofatlas,WAR OF THE REALMS: NEW AGENTS OF ATLAS,Event,"{""Cooldown Duration"",""Dodge"",""Physical Attack"",""Fire Resist"",""Debuff Duration"",""Energy Attack"",""Max HP""}","{""stat4"":[""All Basic Attacks"",""Movement Speed"",""Attack Speed"",""Critical Rate"",""Skill Cooldown Proc (When Dodging)""],""stat5"":[""Recovery Rate"",""Ignore Defense"",""Energy Defense"",""Physical Defense"",""Critical Damage""],""stat6"":[""Poison Resist"",""Lightning Resist"",""Fire Resist"",""Mind Resist"",""All Basic Defenses""]}",https://thanosvibs.money/static/cards/agentsofatlas.png,/mff-assets/cards/agentsofatlas.webp,https://thanosvibs.money/cards
whatifghostrider20181,WHAT IF? GHOST RIDER (2018) #1,Premium,"{""Energy Attack"",""Physical Attack"",""All Basic Defenses""}","{""stat4"":[""Attack Speed"",""Physical Defense"",""Energy Defense"",""Poison Resist"",""All Basic Attacks Proc (When Attacking)""],""stat5"":[""Critical Rate"",""Recovery Rate"",""Debuff Duration"",""Critical Damage"",""Cold Resist""],""stat6"":[""Movement Speed"",""Ignore Defense"",""Dodge"",""Cooldown Duration"",""Lightning Resist""]}",https://thanosvibs.money/static/cards/whifgr.png,/mff-assets/cards/whifgr.webp,https://thanosvibs.money/cards
whatifmagik20181,WHAT IF? MAGIK (2018) #1,Support,"{""Energy Attack"",""Ignore Defense"",""Attack Speed"",""Max HP"",""Physical Attack"",""All Basic Attacks"",""Poison Resist""}","{""stat4"":[""Critical Rate"",""Critical Damage"",""Movement Speed"",""Debuff Duration"",""Energy Attack Proc (When Attacking)""],""stat5"":[""Recovery Rate"",""Mind Resist"",""All Basic Defenses"",""Energy Defense"",""Cold Resist""],""stat6"":[""Cooldown Duration"",""Physical Defense"",""Dodge"",""Fire Resist"",""Lightning Resist""]}",https://thanosvibs.money/static/cards/whifmagik.png,/mff-assets/cards/whifmagik.webp,https://thanosvibs.money/cards
whatifspiderman20181,WHAT IF? SPIDER-MAN (2018) #1,Support,"{""Physical Attack"",""Critical Damage"",""Attack Speed"",""All Basic Attacks"",""Debuff Duration"",""Dodge"",""Poison Resist""}","{""stat4"":[""Critical Rate"",""Max HP"",""Fire Resist"",""Recovery Rate"",""Physical Attack Proc (When Attacking)""],""stat5"":[""Movement Speed"",""Cooldown Duration"",""Physical Defense"",""Energy Defense"",""Cold Resist""],""stat6"":[""Ignore Defense"",""All Basic Defenses"",""Energy Attack"",""Mind Resist"",""Lightning Resist""]}",https://thanosvibs.money/static/cards/whifspidey.png,/mff-assets/cards/whifspidey.webp,https://thanosvibs.money/cards
whatifthepunisher20181,WHAT IF? THE PUNISHER (2018) #1,Support,"{""Cooldown Duration"",""Physical Defense"",""Critical Rate"",""Ignore Defense"",""Physical Attack"",""All Basic Attacks"",""Poison Resist""}","{""stat4"":[""Movement Speed"",""Attack Speed"",""Energy Attack"",""Dodge"",""Critical Rate Proc (When Attacking)""],""stat5"":[""Debuff Duration"",""Recovery Rate"",""Energy Defense"",""Fire Resist"",""Cold Resist""],""stat6"":[""Max HP"",""Mind Resist"",""Critical Damage"",""All Basic Defenses"",""Lightning Resist""]}",https://thanosvibs.money/static/cards/whifpunisher.png,/mff-assets/cards/whifpunisher.webp,https://thanosvibs.money/cards
whatifthor20181,WHAT IF? THOR (2018) #1,Support,"{""Debuff Duration"",""Energy Defense"",""Dodge"",""Energy Attack"",""Physical Attack"",""Recovery Rate"",""Poison Resist""}","{""stat4"":[""Critical Rate"",""Cooldown Duration"",""Movement Speed"",""Critical Damage"",""All Basic Defenses Proc (When Attacking)""],""stat5"":[""All Basic Attacks"",""Attack Speed"",""Physical Defense"",""Fire Resist"",""Cold Resist""],""stat6"":[""Max HP"",""All Basic Defenses"",""Ignore Defense"",""Mind Resist"",""Lightning Resist""]}",https://thanosvibs.money/static/cards/whifthor.png,/mff-assets/cards/whifthor.webp,https://thanosvibs.money/cards
xforce24,X-FORCE #24,Support,"{""Dodge"",""Ignore Defense"",""Critical Rate"",""Fire Resist"",""Debuff Duration"",""Max HP"",""Energy Attack""}","{""stat4"":[""Recovery Rate"",""Attack Speed"",""Movement Speed"",""Cooldown Duration"",""Recovery Rate Proc (When Attacking)""],""stat5"":[""Mind Resist"",""Cold Resist"",""Energy Defense"",""Critical Damage"",""Physical Defense""],""stat6"":[""All Basic Attacks"",""Lightning Resist"",""Poison Resist"",""Physical Attack"",""All Basic Defenses""]}",https://thanosvibs.money/static/cards/xforce.png,/mff-assets/cards/xforce.webp,https://thanosvibs.money/cards
xmenunlimited8,X-MEN UNLIMITED #8,Support,"{""Physical Attack"",""Movement Speed"",""Recovery Rate"",""Fire Resist"",""Attack Speed"",""Max HP"",""Poison Resist""}","{""stat4"":[""Debuff Duration"",""Critical Rate"",""Cooldown Duration"",""Physical Defense"",""Skill Cooldown Proc (When Dodging)""],""stat5"":[""Energy Attack"",""Lightning Resist"",""All Basic Defenses"",""Ignore Defense"",""Dodge""],""stat6"":[""All Basic Attacks"",""Mind Resist"",""Cold Resist"",""Energy Defense"",""Critical Damage""]}",https://thanosvibs.money/static/cards/unlimited.png,/mff-assets/cards/unlimited.webp,https://thanosvibs.money/cards
